{"cameraMode":{"drawMode":0,"name":"Shaded","section":"Shading Mode"},"sceneLighting":false,"audioPlay":false,"sceneViewState":{"showFog":true,"showMaterialUpdate":true,"showSkybox":false,"showFlares":true,"showImageEffects":true,"showParticleSystems":true},"in2DMode":false,"pivot":{"x":0.0000019073486328125,"y":0.26451367139816286,"z":0.0000054836273193359378},"rotation":{"x":0.17679256200790406,"y":0.10753405094146729,"z":-0.019435912370681764,"w":0.9781638383865356},"size":15.156815528869629,"orthographic":false}