{"cameraMode":{"drawMode":0,"name":"Shaded","section":"Shading Mode"},"sceneLighting":false,"audioPlay":false,"sceneViewState":{"showFog":true,"showMaterialUpdate":true,"showSkybox":false,"showFlares":true,"showImageEffects":true,"showParticleSystems":true},"in2DMode":false,"pivot":{"x":0.000003814697265625,"y":0.2645106315612793,"z":-0.0000019073486328125},"rotation":{"x":-0.30817803740501406,"y":0.5490743517875671,"z":-0.2278265357017517,"w":-0.7427263855934143},"size":12.213550567626954,"orthographic":false}